RF,U
0.0,0.0
5441.314231395721,0.07167325168848038
5906.373293399811,0.14334650337696075
6200.808277130127,0.21501974761486053
6554.241809844971,0.3225296139717102
6934.156063556671,0.4837944507598877
7275.562588691711,0.7256916761398315
7475.16068983078,1.0123846530914307
7553.07001543045,1.2990776300430298
7556.7803773880005,1.3169959783554077
7558.558365821838,1.343873381614685
7560.433401107788,1.3841896057128906
7560.433401107788,1.3841896057128906
