RF,U
0.0,0.0
5441.791095733643,0.07167325168848038
5906.515850067139,0.14334650337696075
6200.516483783722,0.21501974761486053
6553.185399055481,0.3225296139717102
6931.719830989838,0.4837944507598877
7270.590556144714,0.7256916761398315
7466.549201965332,1.0123846530914307
7540.249958515167,1.2990776300430298
7545.21573972702,1.370750904083252
7545.21573972702,1.370750904083252
