RF,U
0.0,0.0
5439.9096665382385,0.07167325168848038
5904.6709632873535,0.14334650337696075
6198.899468898773,0.21501974761486053
6552.044445514679,0.3225296139717102
6931.535577297211,0.4837944507598877
7272.152312278748,0.7256916761398315
7470.324454784393,1.0123846530914307
7546.045104026794,1.2990776300430298
7552.817228794098,1.370750904083252
7552.389638900757,1.3774702548980713
7552.363322734833,1.3803372383117676
7552.363322734833,1.3803372383117676
