RF,U
0.0,0.0
5439.966752529144,0.07167325168848038
5904.589618682861,0.14334650337696075
6198.648753643036,0.21501974761486053
6551.507194042206,0.3225296139717102
6930.504309177399,0.4837944507598877
7270.237719535828,0.7256916761398315
7467.139139652252,1.0123846530914307
7541.329532146454,1.2990776300430298
7547.153181552887,1.370750904083252
7546.823845386505,1.3741105794906616
7546.823845386505,1.3741105794906616
