RF,U
0.0,0.0
5441.132236480713,0.07167325168848038
5905.992341995239,0.14334650337696075
6200.200695991516,0.21501974761486053
6553.220921039581,0.3225296139717102
6932.325162887573,0.4837944507598877
7271.977589607239,0.7256916761398315
7468.476762294769,1.0123846530914307
7541.889039993286,1.2990776300430298
7546.704120159149,1.370750904083252
7546.704120159149,1.370750904083252
