RF,U
0.0,0.0
5441.461426734924,0.07167325168848038
5906.542049884796,0.14334650337696075
6200.964546203613,0.21501974761486053
6554.318686962128,0.3225296139717102
6933.934878349304,0.4837944507598877
7274.32471036911,0.7256916761398315
7471.50402879715,1.0123846530914307
7545.070287704468,1.2990776300430298
7549.275453567505,1.370750904083252
7549.275453567505,1.370750904083252
