RF,U
0.0,0.0
5441.61455488205,0.07167325168848038
5905.254833698273,0.14334650337696075
6198.015131950378,0.21501974761486053
6548.519864559174,0.3225296139717102
6923.132109165192,0.4837944507598877
7254.575809001923,0.7256916761398315
7439.300909519196,1.0123846530914307
7500.013524055481,1.2990776300430298
