RF,U
0.0,0.0
5442.125460624695,0.07167325168848038
5907.455797672272,0.14334650337696075
6202.093831062317,0.21501974761486053
6555.818723201752,0.3225296139717102
6936.125250816345,0.4837944507598877
7277.9595246315,0.7256916761398315
7477.697229862213,1.0123846530914307
7555.133524417877,1.2990776300430298
7558.8149881362915,1.3169959783554077
7560.531823635101,1.343873381614685
7562.0656542778015,1.3841896057128906
7562.0656542778015,1.3841896057128906
