RF,U
0.0,0.0
5438.010902881622,0.07167325168848038
5902.3718066215515,0.14334650337696075
6196.3404750823975,0.21501974761486053
6549.142810821533,0.3225296139717102
6928.1895933151245,0.4837944507598877
7268.135626316071,0.7256916761398315
7465.263626098633,1.0123846530914307
7539.511961936951,1.2990776300430298
7544.974239826202,1.370750904083252
7544.974239826202,1.370750904083252
