RF,U
0.0,0.0
5436.479821205139,0.07167325168848038
5899.638425350189,0.14334650337696075
6192.361111164093,0.21501974761486053
6543.04437828064,0.3225296139717102
6918.348922729492,0.4837944507598877
7251.243585109711,0.7256916761398315
7437.4649176597595,1.0123846530914307
7493.583727836609,1.2990776300430298
7484.339781761169,1.2990776300430298
