RF,U
0.0,0.0
5441.709448337555,0.07167325168848038
5906.633027076721,0.14334650337696075
6200.855757236481,0.21501974761486053
6553.884729385376,0.3225296139717102
6932.992498397827,0.4837944507598877
7272.7082505226135,0.7256916761398315
7469.512896537781,1.0123846530914307
7543.631831169128,1.2990776300430298
7548.880843639374,1.370750904083252
7548.880843639374,1.370750904083252
