RF,U
0.0,0.0
5437.004866600037,0.07167325168848038
5901.281496524811,0.14334650337696075
6195.262819766998,0.21501974761486053
6548.189489364624,0.3225296139717102
6927.6563329696655,0.4837944507598877
7268.722916126251,0.7256916761398315
7467.9605050086975,1.0123846530914307
7545.230650901794,1.2990776300430298
7548.724169254303,1.3169959783554077
7550.478117465973,1.343873381614685
7552.367810249329,1.370750904083252
7552.159351825714,1.3976284265518188
7552.159351825714,1.3976284265518188
