RF,U
0.0,0.0
5439.489408493042,0.07167325168848038
5902.504186630249,0.14334650337696075
6194.7487869262695,0.21501974761486053
6544.4570026397705,0.3225296139717102
6917.815427303314,0.4837944507598877
7247.0494389534,0.7256916761398315
7428.286490440369,1.0123846530914307
7480.745433807373,1.2990776300430298
7476.936153888702,1.2990776300430298
