RF,U
0.0,0.0
5437.7124190330505,0.07167325168848038
5901.8113260269165,0.14334650337696075
6195.517688751221,0.21501974761486053
6547.900649547577,0.3225296139717102
6926.286323070526,0.4837944507598877
7265.226000785828,0.7256916761398315
7461.2542061805725,1.0123846530914307
7534.705896854401,1.2990776300430298
7539.497763633728,1.370750904083252
7539.497763633728,1.370750904083252
