RF,U
0.0,0.0
5438.5858502388,0.07167325168848038
5902.935525417328,0.14334650337696075
6196.834033966064,0.21501974761486053
6549.483237743378,0.3225296139717102
6928.219937801361,0.4837944507598877
7267.616098403931,0.7256916761398315
7464.1232833862305,1.0123846530914307
7537.99263715744,1.2990776300430298
7543.3313164711,1.370750904083252
7543.3313164711,1.370750904083252
